"Start Time","Duration","Run ID","Name","Source Type","Source Name","User","Status","N_phys","decay_rate","hidden_dim","lr","w_data_init","w_phys_init","config/N_phys","config/decay_rate","config/hidden_dim","config/lr","config/w_data_init","config/w_phys_init","done","epoch","iterations_since_restore","pid","time_since_restore","time_this_iter_s","time_total_s","timestamp","train_data","train_phys","train_total","training_iteration","trial_id","val_data","val_phys","val_total","trial_name"
"2025-11-20 14:50:28","8.2min","fc5566efdd404028b4d40def60c36356","trainable_pinn_ray_7a757950","","","unknown","FINISHED","345","0.09615969932959463","128","0.008473704466722815","0.544546652603305","0.051047790706564414","345","0.09615969932959463","128","0.008473704466722815","0.544546652603305","0.051047790706564414","0","50","1","28640","486.6526470184326","486.6526470184326","486.6526470184326","1763647115","0.009415394326464998","1.0410202301511862","0.005604778873179146","1","","0.00455854218687698","2.875206528204662","0.0038015864001637485","trainable_pinn_ray_7a757950"
"2025-11-20 14:50:50","9.6min","7623c164b2ca430c9f59d5a173ecc215","trainable_pinn_ray_628045ed","","","unknown","FINISHED","352","0.09593457058892416","128","0.008407353117996333","0.7225067796093929","0.05281145985039118","352","0.09593457058892416","128","0.008407353117996333","0.7225067796093929","0.05281145985039118","0","50","1","8668","486.9453868865967","486.9453868865967","486.9453868865967","1763647138","0.01187116838803496","1.5497839000489977","0.009320823840721689","1","","0.0032977613905302242","3.3036731045252994","0.003968264916283514","trainable_pinn_ray_628045ed"
"2025-11-20 15:09:22","5.6min","9b2e298d6ca84ae083d04b1e24d72347","trainable_pinn_ray_89965229","","","unknown","FINISHED","391","0.09431270581369434","128","0.00763263093118726","0.41824695666393014","0.12859515913515385","391","0.09431270581369434","128","0.00763263093118726","0.41824695666393014","0.12859515913515385","0","50","1","43492","332.89321208000183","332.89321208000183","332.89321208000183","1763648095","0.00992724583531269","0.5907826754179868","0.004899585555128828","1","89965229","0.004123088571117431","1.779432958416018","0.003976069831609526","trainable_pinn_ray_89965229"
"2025-11-20 15:08:59","5.9min","2469080b9cc749dbac9e69cbfb702d2b","trainable_pinn_ray_42e520e6","","","unknown","FINISHED","390","0.09482606843460561","128","0.007874178020480202","0.40141039427086334","0.10072737271044047","390","0.09482606843460561","128","0.007874178020480202","0.40141039427086334","0.10072737271044047","0","50","1","19692","348.4928638935089","348.4928638935089","348.4928638935089","1763648088","0.010516171448045607","0.8540684815007027","0.005046769525065567","1","","0.0030998470594531366","2.9119158770234166","0.004058717529597926","trainable_pinn_ray_42e520e6"
"2025-11-20 14:51:52","8.6min","95ff16a9f185457086174a660805d22f","trainable_pinn_ray_fa2e1677","","","unknown","FINISHED","417","0.08452329866319636","128","0.006343060500707416","0.5236347473696353","0.05166236958326213","417","0.08452329866319636","128","0.006343060500707416","0.5236347473696353","0.05166236958326213","0","50","1","26148","477.2769024372101","477.2769024372101","477.2769024372101","1763647190","0.010089566070360668","1.1574785226523274","0.006233841452672325","1","","0.003282092166449551","3.2877460395224842","0.0044187214100126415","trainable_pinn_ray_fa2e1677"
"2025-11-20 14:14:51","12.4min","56394bcda90749039a978fe95479cf2b","trainable_pinn_ray_a1dc4715","","","unknown","FINISHED","335","0.09228184692973498","32","0.007548384993576566","0.6071278914339538","0.11911435937560833","335","0.09228184692973498","32","0.007548384993576566","0.6071278914339538","0.11911435937560833","0","50","1","41576","737.9589321613312","737.9589321613312","737.9589321613312","1763645229","0.009570419243678","0.6372210425559921","0.006635474127651465","1","","0.003910333397326666","1.923832778284804","0.004864845136731744","trainable_pinn_ray_a1dc4715"
"2025-11-20 14:28:47","7.1min","d9e3f1868cc942beb645bc0d8d434280","trainable_pinn_ray_cb0d5ed8","","","unknown","FINISHED","246","0.08542670333670972","64","0.0021102855487701885","0.4649795435261278","0.08014863536221081","246","0.08542670333670972","64","0.0021102855487701885","0.4649795435261278","0.08014863536221081","0","50","1","43200","416.9647960662842","416.9647960662842","416.9647960662842","1763645744","0.007827605467026282","0.7848984074713004","0.004596413439139723","1","","0.003931152279530595","2.492072703515418","0.004865570503188825","trainable_pinn_ray_cb0d5ed8"
"2025-11-20 14:52:40","7.9min","aec260eacb084a9cb75b02405989a525","trainable_pinn_ray_b8011073","","","unknown","FINISHED","426","0.09625533432052291","128","0.008139097576652408","0.525998914324905","0.10085082156038139","426","0.09625533432052291","128","0.008139097576652408","0.525998914324905","0.10085082156038139","0","50","1","7316","466.8986876010895","466.8986876010895","466.8986876010895","1763647227","0.009901626896338932","0.7474471470322271","0.005882625338254553","1","","0.004994469909444458","2.527857438631635","0.004907832954997733","trainable_pinn_ray_b8011073"
"2025-11-20 14:46:21","8.3min","d78a97927d54421988421ae0a51bcbc6","trainable_pinn_ray_a4bd5de1","","","unknown","FINISHED","417","0.09622754689790013","128","0.008583780518707219","0.6958953900941813","0.05041715103385012","417","0.09622754689790013","128","0.008583780518707219","0.6958953900941813","0.05041715103385012","0","50","1","37632","488.9877710342407","488.9877710342407","488.9877710342407","1763646871","0.009627042872586635","0.9537421024206912","0.00713018486182196","1","","0.005782271726123193","2.670979477830167","0.005230239529933884","trainable_pinn_ray_a4bd5de1"
"2025-11-20 15:07:23","6.6min","265883b0b4884c6d83ce971a9e5a330e","trainable_pinn_ray_fb5939f0","","","unknown","FINISHED","403","0.09510527319359241","128","0.006578401135981249","0.7289925382393552","0.10257509524489741","403","0.09510527319359241","128","0.006578401135981249","0.7289925382393552","0.10257509524489741","0","50","1","43128","389.6595034599304","389.6595034599304","389.6595034599304","1763648032","0.00916711799141885","0.7224781065878242","0.007384192411119889","1","","0.004755985156766485","1.895321446811775","0.005307187472308262","trainable_pinn_ray_fb5939f0"
"2025-11-20 12:08:24","9.7min","8670e3f13606413faa6c5a33bda91551","trainable_pinn_ray_96c46ed8","","","unknown","FINISHED","472","0.09963935452850352","256","0.003134666753961913","0.907881579086136","0.05097186869759221","472","0.09963935452850352","256","0.003134666753961913","0.907881579086136","0.05097186869759221","0","50","1","26500","577.1389951705933","577.1389951705933","577.1389951705933","1763637481","0.008569931471249972","1.8417964761907404","0.008492030243793823","1","","0.004505914536084858","3.328566581440247","0.005376773333945443","trainable_pinn_ray_96c46ed8"
"2025-11-20 14:35:49","8.1min","2c1b7316efa44c5ea2441c60eae14894","trainable_pinn_ray_1f2434cb","","","unknown","FINISHED","420","0.08558666541764655","128","0.00928162810521299","0.6993961489754444","0.08172679978604219","420","0.08558666541764655","128","0.00928162810521299","0.6993961489754444","0.08172679978604219","0","50","1","3004","477.9117102622986","477.9117102622986","477.9117102622986","1763646227","0.010734232162322962","0.9566829948714285","0.008687288966970613","1","","0.003097985441550651","2.6998128008086675","0.005496204651965295","trainable_pinn_ray_1f2434cb"
"2025-11-20 14:36:12","8.1min","3181382b2b1a49efacce58ab265b8663","trainable_pinn_ray_a28c3d31","","","unknown","FINISHED","422","0.08599970819145986","128","0.009551642670258967","0.6777833202097551","0.07722221304867521","422","0.08599970819145986","128","0.009551642670258967","0.6777833202097551","0.07722221304867521","0","50","1","44392","478.49660634994507","478.49660634994507","478.49660634994507","1763646251","0.011504122679770896","1.2114540835823675","0.00918067271134468","1","","0.00307648435564811","3.2643630796619383","0.005812795453364992","trainable_pinn_ray_a28c3d31"
"2025-11-20 12:09:11","9.7min","4a1d490086df4235a116d2cf7fd9ca9c","trainable_pinn_ray_9005cba8","","","unknown","FINISHED","456","0.09903335143531412","256","0.0033221040041816027","0.9335385733009651","0.057933649665825954","456","0.09903335143531412","256","0.0033221040041816027","0.9335385733009651","0.057933649665825954","0","50","1","5684","573.826854467392","573.826854467392","573.826854467392","1763637525","0.008537984566029274","1.5457387882049638","0.00866972700212941","1","","0.004869173902999616","2.832852702662993","0.00582695545655365","trainable_pinn_ray_9005cba8"
"2025-11-20 14:30:00","7.8min","cd740dbb8b734a57a5233262408cf14a","trainable_pinn_ray_c82aac83","","","unknown","FINISHED","261","0.08570748609713191","128","0.009416329299699152","0.568134751906663","0.08110421464189162","261","0.08570748609713191","128","0.009416329299699152","0.568134751906663","0.08110421464189162","0","50","1","31976","461.64792799949646","461.64792799949646","461.64792799949646","1763645861","0.010194031998628016","0.8525738811252093","0.006828833262276168","1","","0.004371416098737629","2.782481876848754","0.0058687480234851565","trainable_pinn_ray_c82aac83"
"2025-11-20 14:41:39","8.0min","6ed2679af0f94a0487365cd294c381a5","trainable_pinn_ray_d70f4704","","","unknown","FINISHED","310","0.07488522471441136","128","0.008870938283132956","0.3559410717315314","0.07667792417914548","310","0.07488522471441136","128","0.008870938283132956","0.3559410717315314","0.07667792417914548","0","50","1","15256","472.7016372680664","472.7016372680664","472.7016372680664","1763646572","0.011291477725737624","0.6682927988394343","0.0053254139209824684","1","","0.005846883175297109","2.107845326493728","0.006201355682872148","trainable_pinn_ray_d70f4704"
"2025-11-20 14:43:28","8.0min","5f29229953574bdc8bc7e88ec8292c49","trainable_pinn_ray_9eb0c406","","","unknown","FINISHED","348","0.07586598776295242","128","0.0032720371018608503","0.33248816053837166","0.05027386277905903","348","0.07586598776295242","128","0.0032720371018608503","0.33248816053837166","0.05027386277905903","0","50","1","39824","474.6441729068756","474.6441729068756","474.6441729068756","1763646683","0.008419376251410053","0.9934930733960085","0.0040128609546544874","1","","0.008211513400834435","2.9063665021736957","0.006280259342830689","trainable_pinn_ray_9eb0c406"
"2025-11-20 12:07:32","9.8min","a904df3f97e540abae9d58557789d864","trainable_pinn_ray_9678f5c3","","","unknown","FINISHED","448","0.08457874786932487","256","0.002539993384107621","0.9051502738600854","0.07313054739721975","448","0.08457874786932487","256","0.002539993384107621","0.9051502738600854","0.07313054739721975","0","50","1","31788","579.2940919399261","579.2940919399261","579.2940919399261","1763637432","0.008933798987606559","1.7993461640194208","0.01017256130304451","1","","0.003091533160123049","3.1608628151396165","0.006462951057464193","trainable_pinn_ray_9678f5c3"
"2025-11-20 15:01:21","8.3min","886e72a686514ea2bde6b7635cb748de","trainable_pinn_ray_15840af0","","","unknown","FINISHED","398","0.09535381552440444","128","0.006434873853795254","0.729434143274283","0.10231305631090856","398","0.09535381552440444","128","0.006434873853795254","0.729434143274283","0.10231305631090856","0","50","1","40540","490.8534243106842","490.8534243106842","490.8534243106842","1763647772","0.009916407621531474","1.098690646344965","0.008284447542532826","1","","0.003433920194385912","4.193895045206252","0.006516980598243638","trainable_pinn_ray_15840af0"
"2025-11-20 15:03:00","8.0min","031bb7dea8a246d9a95ec3793b904825","trainable_pinn_ray_7fe826a2","","","unknown","FINISHED","406","0.09528933427293763","128","0.006401754499552616","0.4061639228771182","0.10476595032742866","406","0.09528933427293763","128","0.006401754499552616","0.4061639228771182","0.10476595032742866","0","50","1","41676","476.6118507385254","476.6118507385254","476.6118507385254","1763647857","0.010407244163856964","0.8497501127647631","0.00506209903867031","1","","0.009583080472020025","2.877853414167245","0.006720376116618545","trainable_pinn_ray_7fe826a2"
"2025-11-20 13:15:22","1.1h","8438f4ae98704fd59f81872e79e44687","trainable_pinn_ray_0f697083","","","unknown","FINISHED","320","0.09288558148130364","32","0.007524524083486846","0.6148085190896618","0.14109827095149352","320","0.09288558148130364","32","0.007524524083486846","0.6148085190896618","0.14109827095149352","0","50","1","26396","3774.720018386841","3774.720018386841","3774.720018386841","1763644698","0.011687587852580379","1.3140023549397786","0.009142096374522556","1","","0.0036617651057108966","3.0226037052247983","0.006751753888473331","trainable_pinn_ray_0f697083"
"2025-11-20 13:03:52","1.2h","bf87f66fef2d4fceba984e15f050dce1","trainable_pinn_ray_ea2377ad","","","unknown","FINISHED","502","0.08832466613078994","256","0.0027377894561173215","0.6478716569215605","0.14744337820259032","502","0.08832466613078994","256","0.0027377894561173215","0.6478716569215605","0.14744337820259032","0","50","1","23216","4248.654159069061","4248.654159069061","4248.654159069061","1763644482","0.00914799387783113","0.9366740180988504","0.007749055639248003","1","","0.003410042779520909","2.4825688394414587","0.007039187781853017","trainable_pinn_ray_ea2377ad"
"2025-11-20 14:42:37","7.8min","1b497ba6aea348fc97ac1a560ac81273","trainable_pinn_ray_86ad53c7","","","unknown","FINISHED","294","0.07331098224015106","128","0.008763410937852871","0.3440648582807886","0.07172525377806638","294","0.07331098224015106","128","0.008763410937852871","0.3440648582807886","0.07172525377806638","0","50","1","21036","463.81886744499207","463.81886744499207","463.81886744499207","1763646621","0.012569050172889474","0.9087168004777696","0.0061193494864673625","1","","0.006360194856824819","2.656340643720599","0.0074347831340412","trainable_pinn_ray_86ad53c7"
"2025-11-20 14:29:08","7.3min","7c589258cce04a8e9ec825c3981c00b7","trainable_pinn_ray_c79ebbd2","","","unknown","FINISHED","258","0.08617086862489588","128","0.009993012934790258","0.48334595998589946","0.08307464746634832","258","0.08617086862489588","128","0.009993012934790258","0.48334595998589946","0.08307464746634832","0","50","1","2740","433.9695899486542","433.9695899486542","433.9695899486542","1763645783","0.01188523465052548","0.9643250953067433","0.006919412242455615","1","","0.008110525514566478","3.1166225802314385","0.007716831457455681","trainable_pinn_ray_c79ebbd2"
"2025-11-20 14:34:07","7.6min","afd9595f637b462786fa8c5cb31c09b3","trainable_pinn_ray_0aa9b525","","","unknown","FINISHED","265","0.08677427036144729","128","0.00978104657455855","0.5630928120979599","0.0811962820838394","265","0.08677427036144729","128","0.00978104657455855","0.5630928120979599","0.0811962820838394","0","50","1","23700","451.0403368473053","451.0403368473053","451.0403368473053","1763646098","0.012193453980779105","1.1844545932129176","0.008235227286984975","1","","0.005318386811436028","4.151789918069537","0.007794043869540015","trainable_pinn_ray_0aa9b525"
"2025-11-20 15:01:59","8.2min","bb2b59ddba7e495fbd4c0689df77b809","trainable_pinn_ray_236a913c","","","unknown","FINISHED","406","0.09605590068964655","128","0.006522507468292934","0.7271452390977632","0.10232944273846638","406","0.09605590068964655","128","0.006522507468292934","0.7271452390977632","0.10232944273846638","0","50","1","38668","488.3233850002289","488.3233850002289","488.3233850002289","1763647808","0.009237396866647584","0.778988249675192","0.00743707548262495","1","","0.00809453604521749","2.101942337383798","0.007829072347724052","trainable_pinn_ray_236a913c"
"2025-11-20 15:09:46","5.4min","b2004f1bfc734ee0967e5397727e9dbb","trainable_pinn_ray_16147b33","","","unknown","FINISHED","443","0.09955708177300013","128","0.007807369573849195","0.7187072588379148","0.10181748797706075","443","0.09955708177300013","128","0.007807369573849195","0.7187072588379148","0.10181748797706075","0","50","1","6060","320.40763092041016","320.40763092041016","320.40763092041016","1763648106","0.012995772516223216","1.9033718959851698","0.010814940508906589","1","","0.006435827139562639","4.257196891204768","0.007924067999359663","trainable_pinn_ray_16147b33"
"2025-11-20 12:58:14","1.2h","99e9308e276a4180baea555e4a1d1c75","trainable_pinn_ray_64805d1e","","","unknown","FINISHED","508","0.0916256068000321","256","0.005713780217669965","0.6590206877447206","0.15555718886418446","508","0.0916256068000321","256","0.005713780217669965","0.6590206877447206","0.15555718886418446","0","50","1","11472","4452.139794826508","4452.139794826508","4452.139794826508","1763644348","0.010316483062136957","0.9382437926350218","0.008437000289371218","1","","0.004804959047966099","2.7982209542986296","0.008052413870361624","trainable_pinn_ray_64805d1e"
"2025-11-20 14:45:17","8.3min","9917e90ff72d481a87f7b4df6528e240","trainable_pinn_ray_f261c997","","","unknown","FINISHED","425","0.0748919536085792","128","0.008322364525220676","0.698769419944571","0.051025236814618645","425","0.0748919536085792","128","0.008322364525220676","0.698769419944571","0.051025236814618645","0","50","1","25884","490.2253746986389","490.2253746986389","490.2253746986389","1763646807","0.010034016332579682","0.9720179103841685","0.008275403139755281","1","","0.007214852056774024","2.529118562294358","0.008330195363109494","trainable_pinn_ray_f261c997"
"2025-11-20 14:35:20","7.8min","9406b338c1e2423ca501482d39c6f776","trainable_pinn_ray_93e3e39c","","","unknown","FINISHED","277","0.08669966655588301","128","0.009041852510197918","0.4716371331224377","0.0797942320845771","277","0.08669966655588301","128","0.009041852510197918","0.4716371331224377","0.0797942320845771","0","50","1","35112","457.8373382091522","457.8373382091522","457.8373382091522","1763646179","0.011969690205472889","0.7920513819564473","0.006548414718961776","1","","0.011987839573214682","2.4918401255044196","0.008495003764375775","trainable_pinn_ray_93e3e39c"
"2025-11-20 12:18:30","14.4min","78e56f6f65d94e92af2ea6b740baa85e","trainable_pinn_ray_c5adf0bd","","","unknown","FINISHED","382","0.09943257421226409","256","0.004755379876183506","0.8539844346109224","0.194713328341038","382","0.09943257421226409","256","0.004755379876183506","0.8539844346109224","0.194713328341038","0","50","1","1064","830.996691942215","830.996691942215","830.996691942215","1763638342","0.008902241546434887","0.810789679457443","0.008811124161149216","1","","0.005294287354738814","2.714120171255612","0.008567527602292782","trainable_pinn_ray_c5adf0bd"
"2025-11-20 14:42:06","8.0min","565612cb103847f29a5a4914cbabf6b0","trainable_pinn_ray_53e5ffb3","","","unknown","FINISHED","319","0.07147628922697186","128","0.00909808478043793","0.3605597048818661","0.06982870760987629","319","0.07147628922697186","128","0.00909808478043793","0.3605597048818661","0.06982870760987629","0","50","1","38888","474.11967849731445","474.11967849731445","474.11967849731445","1763646600","0.011495063199915669","0.8606630247650724","0.005955250256911221","1","","0.009533285018882693","2.642967285615223","0.008997380629906671","trainable_pinn_ray_53e5ffb3"
"2025-11-20 12:18:09","13.0min","a58fe7ccb819436a928ccb8794d4e49d","trainable_pinn_ray_261c74b3","","","unknown","FINISHED","375","0.07384751433428988","256","0.006247808716591465","0.8443727795010502","0.09886988072057266","375","0.07384751433428988","256","0.006247808716591465","0.8443727795010502","0.09886988072057266","0","50","1","32696","765.3088760375977","765.3088760375977","765.3088760375977","1763638255","0.00941848313021991","0.6840885237009838","0.009766845617706727","1","","0.004064265619980602","2.116979049502601","0.009045772464834687","trainable_pinn_ray_261c74b3"
"2025-11-20 14:15:28","12.2min","a043dac0d2c04aa081f9d769cf87304c","trainable_pinn_ray_c9873021","","","unknown","FINISHED","474","0.09308947539473465","32","0.008017255395635551","0.5999000449131922","0.24448757580346359","474","0.09308947539473465","32","0.008017255395635551","0.5999000449131922","0.24448757580346359","0","50","1","41184","723.9051122665405","723.9051122665405","723.9051122665405","1763645253","0.011859482466572462","0.7883576914517566","0.009128210448067296","1","","0.005289198232931504","2.3086039423942566","0.009069869013173795","trainable_pinn_ray_c9873021"
"2025-11-20 15:01:38","8.3min","e1aa5ff9710e475f92fe252d7385ffb5","trainable_pinn_ray_61371783","","","unknown","FINISHED","393","0.09612214826420377","128","0.006530017744693604","0.42956879779937707","0.10428609623044888","393","0.09612214826420377","128","0.006530017744693604","0.42956879779937707","0.10428609623044888","0","50","1","31460","490.6874084472656","490.6874084472656","490.6874084472656","1763647789","0.009863885509960278","0.7782902880148455","0.004968099686495885","1","61371783","0.01690786133486924","2.438133956032459","0.009552709420354076","trainable_pinn_ray_61371783"
"2025-11-20 14:36:49","8.1min","78e9df891a5245a5bd8a36b88d5e5f8f","trainable_pinn_ray_116e04e0","","","unknown","FINISHED","421","0.07211913266082925","128","0.009550135828368328","0.359387992734495","0.07727498625109212","421","0.07211913266082925","128","0.009550135828368328","0.359387992734495","0.07727498625109212","0","50","1","44116","478.2508144378662","478.2508144378662","478.2508144378662","1763646287","0.012390984318247348","0.6693731412743077","0.005963185436158168","1","","0.005859541168886134","3.4427805953479296","0.009872291692338258","trainable_pinn_ray_116e04e0"
"2025-11-20 15:00:49","8.2min","0304d5348ec343a6989b54c6d24765eb","trainable_pinn_ray_756d4089","","","unknown","FINISHED","406","0.09565315460346077","128","0.006294065865611848","0.9545945308114177","0.3423795002598312","406","0.09565315460346077","128","0.006294065865611848","0.9545945308114177","0.3423795002598312","0","50","1","22428","484.15837025642395","484.15837025642395","484.15837025642395","1763647733","0.010158502638829175","0.6853185382154253","0.011859272848438435","1","","0.00312641732259157","2.2062898211245576","0.009944795052859227","trainable_pinn_ray_756d4089"
"2025-11-20 14:44:13","8.1min","3d48632cd808402c8cd7f597d84bd0ce","trainable_pinn_ray_b943780e","","","unknown","FINISHED","350","0.09653655702496916","64","0.0023632008598617163","0.7068541860999288","0.06786077899207828","350","0.09653655702496916","64","0.0023632008598617163","0.7068541860999288","0.06786077899207828","0","50","1","39548","478.76989579200745","478.76989579200745","478.76989579200745","1763646732","0.007919007201086391","0.929905046959116","0.006154407345868572","1","","0.012501803199835347","2.8069476078154376","0.010517743027958765","trainable_pinn_ray_b943780e"
"2025-11-20 15:01:05","8.3min","ed3c31aa95384bf788f8118da98bebce","trainable_pinn_ray_0ac28459","","","unknown","FINISHED","392","0.09556146163750205","128","0.006548108398366557","0.5284185161309073","0.3547272129108397","392","0.09556146163750205","128","0.006548108398366557","0.5284185161309073","0.3547272129108397","0","50","1","23896","488.56870436668396","488.56870436668396","488.56870436668396","1763647754","0.010468939629693827","0.5234963124448603","0.007250757352684182","1","","0.010501541150776813","1.7184453290546318","0.011191315147871438","trainable_pinn_ray_0ac28459"
"2025-11-20 13:08:13","1.1h","45b973ba877a4e6cadafc18dea6ebd52","trainable_pinn_ray_eab6b6ff","","","unknown","FINISHED","506","0.08950895736464246","32","0.007076552373915481","0.6338880050744078","0.14273928969278088","506","0.08950895736464246","32","0.007076552373915481","0.6338880050744078","0.14273928969278088","0","50","1","33672","4086.2973606586456","4086.2973606586456","4086.2973606586456","1763644580","0.010637433951099713","0.7514258687544351","0.008078431715304502","1","","0.011902734366204806","2.2566413802097443","0.011555671303327318","trainable_pinn_ray_eab6b6ff"
"2025-11-20 12:07:13","9.9min","44c8bcbba4284299ba03154942135f43","trainable_pinn_ray_dec7e719","","","unknown","FINISHED","456","0.0862130255464807","256","0.002374271825970994","0.15826270983099228","0.05163643616714403","456","0.0862130255464807","256","0.002374271825970994","0.15826270983099228","0.05163643616714403","0","50","1","36856","586.3862850666046","586.3862850666046","586.3862850666046","1763637420","0.008702146440669141","0.6605332084376403","0.001876340393033443","1","","0.06273994928989053","2.227415636053003","0.011612484246037254","trainable_pinn_ray_dec7e719"
"2025-11-20 12:13:33","14.1min","e9b891b1927c448eabadd9df685e855b","trainable_pinn_ray_04f13a38","","","unknown","FINISHED","405","0.09831186581142658","256","0.0036167917246754805","0.6990591704527864","0.06154271803878017","405","0.09831186581142658","256","0.0036167917246754805","0.6990591704527864","0.06154271803878017","0","50","1","31280","837.9681363105774","837.9681363105774","837.9681363105774","1763638051","0.00867958322938795","0.9080581253225153","0.006519576912802277","1","","0.016054020588911408","2.5480887199341393","0.012491157759496545","trainable_pinn_ray_04f13a38"
"2025-11-20 13:10:31","1.1h","e907c3af80f448fea837ebbb32dc3dde","trainable_pinn_ray_941c8d4b","","","unknown","FINISHED","335","0.09420887546072512","32","0.007277772132330525","0.6326742304404561","0.15284806345187982","335","0.09420887546072512","32","0.007277772132330525","0.6326742304404561","0.15284806345187982","0","50","1","20728","3964.7657816410065","3964.7657816410065","3964.7657816410065","1763644597","0.009306471696067038","0.651528595372884","0.0068728555087940865","1","","0.0148323180622589","2.3591896317877756","0.012950321924335588","trainable_pinn_ray_941c8d4b"
"2025-11-20 12:56:00","1.3h","75c2c20a1ed44c0fb9ddf24f76ca9686","trainable_pinn_ray_068bee47","","","unknown","FINISHED","499","0.08039224819347122","256","0.005656221848061334","0.9003673505550718","0.1573000928955294","499","0.08039224819347122","256","0.005656221848061334","0.9003673505550718","0.1573000928955294","0","50","1","39800","4537.5699989795685","4537.5699989795685","4537.5699989795685","1763644298","0.009837889719302908","0.6643635139922903","0.010891725386332984","1","","0.00622642725384218","2.5346388624449627","0.013366103403103465","trainable_pinn_ray_068bee47"
"2025-11-20 11:49:20","10.4min","382f5b303cf74f6da92e66bf23afc29a","trainable_pinn_ray_24e48984","","","unknown","FINISHED","37","0.06806170450204954","256","0.00869974314330306","0.7582571766218008","0.06507310054114929","37","0.06806170450204954","256","0.00869974314330306","0.7582571766218008","0.06507310054114929","0","50","1","39204","620.0722546577454","620.0722546577454","620.0722546577454","1763636381","0.010167372237063117","0.812896539406343","0.009593368025327271","1","1.7976931348623157e+308","0.009627253750623123","2.883605117928398","0.013982680572035194","trainable_pinn_ray_24e48984"
"2025-11-20 14:50:00","8.3min","11a037c1605545debd6d556fff134122","trainable_pinn_ray_78be38dc","","","unknown","FINISHED","422","0.08423264305215504","128","0.002402560733071918","0.5327058770088899","0.05400127400848402","422","0.08423264305215504","128","0.002402560733071918","0.5327058770088899","0.05400127400848402","0","50","1","20752","492.0475695133209","492.0475695133209","492.0475695133209","1763647092","0.008323094299571081","1.0153619392953739","0.005317895362304166","1","","0.022197924848452892","2.5468778036513315","0.014042677720441286","trainable_pinn_ray_78be38dc"
"2025-11-20 12:17:45","12.5min","d10394df68cd4ba080f4573e543be0eb","trainable_pinn_ray_4a215e6e","","","unknown","FINISHED","366","0.09983317317054913","256","0.0038363464965782868","0.8290649745150419","0.09266801916652859","366","0.09983317317054913","256","0.0038363464965782868","0.8290649745150419","0.09266801916652859","0","50","1","11804","736.5011730194092","736.5011730194092","736.5011730194092","1763638202","0.00884914000640915","1.5122974618516787","0.008388653821829293","1","","0.01424070378764604","3.2802462467886184","0.014088615182269953","trainable_pinn_ray_4a215e6e"
"2025-11-20 12:19:16","14.9min","2b1f1455d0d04ed0a248c8167936f5bb","trainable_pinn_ray_aa49debe","","","unknown","FINISHED","371","0.08165530709903361","256","0.004377547258789401","0.8694585815373341","0.21160985067569585","371","0.08165530709903361","256","0.004377547258789401","0.8694585815373341","0.21160985067569585","0","50","1","20484","869.7315096855164","869.7315096855164","869.7315096855164","1763638426","0.010081109412089742","0.7076197042007639","0.011504635110384588","1","","0.007193597997259659","2.245827544491298","0.014949188817686677","trainable_pinn_ray_aa49debe"
"2025-11-20 12:06:57","8.4min","82268d62260b4cf5b7133882c06d7acd","trainable_pinn_ray_97541809","","","unknown","FINISHED","421","0.08763132024041162","256","0.002184678156604536","0.14140959810085335","0.056477133817840024","421","0.08763132024041162","256","0.002184678156604536","0.14140959810085335","0.056477133817840024","0","50","1","19780","474.28590965270996","474.28590965270996","474.28590965270996","1763637292","0.008405594394137763","0.535378423664305","0.001601395238839993","1","97541809","0.1121137295856436","1.9839285021213016","0.01738351746049003","trainable_pinn_ray_97541809"
"2025-11-20 12:16:59","11.9min","a5ca23fd534043c0908ea0e44d1e6d63","trainable_pinn_ray_e6fa9ad3","","","unknown","FINISHED","442","0.08924760397727115","256","0.0038110954787535537","0.8467652006654214","0.06409323954526186","442","0.08924760397727115","256","0.0038110954787535537","0.8467652006654214","0.06409323954526186","0","50","1","28824","702.3198993206024","702.3198993206024","702.3198993206024","1763638122","0.008813720532326085","1.2703020866471109","0.008489966229770822","1","","0.01811505160187955","3.042176307793653","0.017798256000837887","trainable_pinn_ray_e6fa9ad3"
"2025-11-20 12:30:20","31.7min","9c4addd767d641368b1a43715d35775f","trainable_pinn_ray_a70bb7f4","","","unknown","FINISHED","369","0.07827289131958941","256","0.005047637326009186","0.8658919107018069","0.1971220528658784","369","0.07827289131958941","256","0.005047637326009186","0.8658919107018069","0.1971220528658784","0","50","1","29732","1872.698889017105","1872.698889017105","1872.698889017105","1763640094","0.010817602946601734","0.757162531608283","0.012589750796405955","1","","0.0034387869566564265","3.673076190591202","0.01861213217816388","trainable_pinn_ray_a70bb7f4"
"2025-11-20 14:53:56","7.2min","bd1164daba1c468397dcf69bf54d281c","trainable_pinn_ray_4fc9f4be","","","unknown","FINISHED","183","0.08444440928781399","128","0.008262122377720116","0.5242745246080758","0.3586795670368916","183","0.08444440928781399","128","0.008262122377720116","0.5242745246080758","0.3586795670368916","0","50","1","36412","426.4539806842804","426.4539806842804","426.4539806842804","1763647262","0.013534163641320034","0.7100118535335618","0.011159666116829172","1","","0.009720851969832857","2.3685881510935185","0.018653997065093932","trainable_pinn_ray_4fc9f4be"
"2025-11-20 12:27:38","26.4min","db611185d6144b0f994b4f13608dd508","trainable_pinn_ray_891a9b6f","","","unknown","FINISHED","377","0.09896350622448463","256","0.004643479171811175","0.8759869384659977","0.19439905478333253","377","0.09896350622448463","256","0.004643479171811175","0.8759869384659977","0.19439905478333253","0","50","1","38372","1547.8004813194275","1547.8004813194275","1547.8004813194275","1763639606","0.008869518887138729","0.7009222046293394","0.008837107632948895","1","","0.018406321951004046","2.185821897014761","0.019452768117439234","trainable_pinn_ray_891a9b6f"
"2025-11-20 14:44:38","8.2min","497f0af5df214756a4f3cbd775b0d6e0","trainable_pinn_ray_7d33f321","","","unknown","FINISHED","422","0.05805738706439781","128","0.0023895479454350043","0.3397167284730973","0.06567442795100133","422","0.05805738706439781","128","0.0023895479454350043","0.3397167284730973","0.06567442795100133","0","50","1","38084","484.0238151550293","484.0238151550293","484.0238151550293","1763646763","0.008571304897354408","0.6273408785010829","0.005307412563794941","1","","0.02761905166346587","2.7267762250790333","0.019795265216835868","trainable_pinn_ray_7d33f321"
"2025-11-20 14:16:17","11.8min","c51745fdfa804e059684473b25360ec4","trainable_pinn_ray_13fb166d","","","unknown","FINISHED","471","0.09246012911207382","32","0.00707476762547214","0.6226660840966456","0.11060627339587101","471","0.09246012911207382","32","0.00707476762547214","0.6226660840966456","0.11060627339587101","0","50","1","41608","701.7199332714081","701.7199332714081","701.7199332714081","1763645279","0.009703226518262215","0.7152046572078358","0.006894221503024149","1","","0.029394049806225446","1.851470045809787","0.02050918423370677","trainable_pinn_ray_13fb166d"
"2025-11-20 13:06:21","1.2h","4f39a087c7aa4e08841f363217f9c012","trainable_pinn_ray_4cf9d300","","","unknown","FINISHED","510","0.0915109522937666","256","0.0027825730129515613","0.619422198499294","0.15618593246856421","510","0.0915109522937666","256","0.0027825730129515613","0.619422198499294","0.15618593246856421","0","50","1","3996","4159.1821546554565","4159.1821546554565","4159.1821546554565","1763644541","0.009140179076730603","0.8764939017970153","0.007206878701996321","1","","0.025881906672722353","2.778593401743974","0.020930456380454467","trainable_pinn_ray_4cf9d300"
"2025-11-20 14:58:41","8.4min","013936e81427422aa30acfa4094e8f23","trainable_pinn_ray_8b7d114a","","","unknown","FINISHED","403","0.09558263425638047","128","0.006369432558832907","0.5290739136549676","0.3355825573864423","403","0.09558263425638047","128","0.006369432558832907","0.5290739136549676","0.3355825573864423","0","50","1","41156","494.4930670261383","494.4930670261383","494.4930670261383","1763647616","0.010025979707375019","0.5182689607745469","0.006912591559530208","1","","0.028416480401773716","1.9257571181921176","0.02100974128274076","trainable_pinn_ray_8b7d114a"
"2025-11-20 11:50:33","9.9min","7bce7d3e7b39498aa29855a60ee2d1e5","trainable_pinn_ray_b7d6b740","","","unknown","FINISHED","449","0.08643708553069776","256","0.0005156259097277504","0.20203392990243485","0.0983936760887065","449","0.08643708553069776","256","0.0005156259097277504","0.20203392990243485","0.0983936760887065","0","50","1","34420","584.3485720157623","584.3485720157623","584.3485720157623","1763636419","0.006272894705673962","0.42479441015407293","0.0018722990087957846","1","","0.09326847606544551","1.9310061373353349","0.0215933956931337","trainable_pinn_ray_b7d6b740"
"2025-11-20 14:38:10","7.8min","6ef01e89fb9c4d629202f42a12c3ed24","trainable_pinn_ray_fc3e0eaf","","","unknown","FINISHED","308","0.07465777151212548","128","0.0013521545353766553","0.33020319051414654","0.07136709306416618","308","0.07465777151212548","128","0.0013521545353766553","0.33020319051414654","0.07136709306416618","0","50","1","20736","463.88286805152893","463.88286805152893","463.88286805152893","1763646354","0.007264032343759982","0.7019795557465216","0.0036900431623287273","1","","0.05288362226320041","2.4868997857618744","0.022037506633075465","trainable_pinn_ray_fc3e0eaf"
"2025-11-20 14:28:25","7.0min","ed3946e408bc435594580373f54d77ac","trainable_pinn_ray_36d30fa9","","","unknown","FINISHED","252","0.06719563161296316","64","0.0020891297025021514","0.4701957606801964","0.09111310629156935","252","0.06719563161296316","64","0.0020891297025021514","0.4701957606801964","0.09111310629156935","0","50","1","44612","415.75132727622986","415.75132727622986","415.75132727622986","1763645721","0.008101804915702704","0.5787477650425651","0.00576881260582895","1","","0.03393510203242908","2.0267739393869117","0.022817881076889777","trainable_pinn_ray_36d30fa9"
"2025-11-20 11:50:49","9.3min","b86560d5647d4ac6a09c3b1e3e4c80cd","trainable_pinn_ray_caf0694c","","","unknown","FINISHED","137","0.09242529180877684","32","0.0005031699765779523","0.4027463418196844","0.2065752367197513","137","0.09242529180877684","32","0.0005031699765779523","0.4027463418196844","0.2065752367197513","0","50","1","34056","552.9858644008636","552.9858644008636","552.9858644008636","1763636402","0.006286597787167387","0.5514556665613194","0.0037614338311620734","1","","0.04436243999930084","2.2595592264826774","0.022904739759837395","trainable_pinn_ray_caf0694c"
"2025-11-20 14:16:55","11.5min","ace2fb7a1da840b1a4499551c8c86a1a","trainable_pinn_ray_f205e52c","","","unknown","FINISHED","466","0.06744363128658976","32","0.007259400265006169","0.7678177941747081","0.2336223379015343","466","0.06744363128658976","32","0.007259400265006169","0.7678177941747081","0.2336223379015343","0","50","1","44072","684.7571811676025","684.7571811676025","684.7571811676025","1763645300","0.013250000555670322","0.6333063019044471","0.015604822900183874","1","","0.0072729082172524745","2.0433746097067247","0.02310825484326726","trainable_pinn_ray_f205e52c"
"2025-11-20 14:13:29","12.9min","6ecdb8f3c8564dc58c8ebdf1e20f0b89","trainable_pinn_ray_f53fee79","","","unknown","FINISHED","475","0.0906493592686724","32","0.007275943939089171","0.7663051794847193","0.09873483792379703","475","0.0906493592686724","32","0.007275943939089171","0.7663051794847193","0.09873483792379703","0","50","1","19896","766.1450321674347","766.1450321674347","766.1450321674347","1763645176","0.00950922104577073","0.8449595304450603","0.008269276619521957","1","","0.027245744042524406","2.407711226933284","0.023677648925119154","trainable_pinn_ray_f53fee79"
"2025-11-20 14:26:57","6.8min","d6f4989f222f4d1c9bb282b623d5e88f","trainable_pinn_ray_c87b54af","","","unknown","FINISHED","230","0.06234277403517101","64","0.002002872596153925","0.7568096181663997","0.1121709925991013","230","0.06234277403517101","64","0.002002872596153925","0.7568096181663997","0.1121709925991013","0","50","1","32952","401.24120020866394","401.24120020866394","401.24120020866394","1763645619","0.008184689779135616","0.7427931924058934","0.01012131113634266","1","","0.016234675715330625","2.3359230846080723","0.02463630647306325","trainable_pinn_ray_c87b54af"
"2025-11-20 14:27:57","7.1min","f3e5c8a08d764221819b0454fac4ec10","trainable_pinn_ray_991a6777","","","unknown","FINISHED","270","0.06380028787880862","32","0.0019050083943733401","0.48316649566010406","0.11918903725623804","270","0.06380028787880862","32","0.0019050083943733401","0.48316649566010406","0.11918903725623804","0","50","1","3804","418.01241397857666","418.01241397857666","418.01241397857666","1763645695","0.008755822333911754","0.7008311094659747","0.007896179759479833","1","","0.02697348045603314","2.347043420808116","0.02530876741384718","trainable_pinn_ray_991a6777"
"2025-11-20 12:13:07","14.1min","6c7983ab23054fbebc8c0f69858d1613","trainable_pinn_ray_186b309b","","","unknown","FINISHED","439","0.09554754310076577","256","0.003101724181279637","0.9279792221527241","0.05394825274545697","439","0.09554754310076577","256","0.003101724181279637","0.9279792221527241","0.05394825274545697","0","50","1","7264","838.5385799407959","838.5385799407959","838.5385799407959","1763638025","0.008615412061676533","1.6811477572026878","0.008834945147085672","1","","0.026381461930192876","3.0350538976597856","0.02599797859008259","trainable_pinn_ray_186b309b"
"2025-11-20 12:33:32","35.1min","bf0de913d8814b98a7d1c46180bc428d","trainable_pinn_ray_d07f46bd","","","unknown","FINISHED","506","0.08012569651866397","256","0.005013260560861399","0.8936177830425815","0.19621030544301887","506","0.08012569651866397","256","0.005013260560861399","0.8936177830425815","0.19621030544301887","0","50","1","11240","2074.867220878601","2074.867220878601","2074.867220878601","1763640487","0.009966179540362021","0.5833547180951244","0.011163026823502297","1","","0.02130659273985206","1.9780496798606015","0.026693268255073673","trainable_pinn_ray_d07f46bd"
"2025-11-20 12:07:53","9.7min","ee094d458c80411aaf962f1d8cd736c2","trainable_pinn_ray_baf47e7a","","","unknown","FINISHED","449","0.09725356984805084","256","0.0035784086371551645","0.9212402473013026","0.05976852850702662","449","0.09725356984805084","256","0.0035784086371551645","0.9212402473013026","0.05976852850702662","0","50","1","20612","577.2784972190857","577.2784972190857","577.2784972190857","1763637451","0.008383068813932965","1.9451893806457519","0.008713280056800806","1","","0.034273664548602936","3.516455223993197","0.03336480221961307","trainable_pinn_ray_baf47e7a"
"2025-11-20 14:12:39","13.2min","37fac6c6c8a1475ca904984aa29e728b","trainable_pinn_ray_932691c7","","","unknown","FINISHED","475","0.09082256291347424","32","0.0026273680964134017","0.6311958239910285","0.14002026336798334","475","0.09082256291347424","32","0.0026273680964134017","0.6311958239910285","0.14002026336798334","0","50","1","3472","777.0544195175171","777.0544195175171","777.0544195175171","1763645136","0.008544308514418926","0.875337256686856","0.00682407771002012","1","","0.0505027963079907","2.521933418185979","0.03599985048494409","trainable_pinn_ray_932691c7"
"2025-11-20 13:01:59","1.2h","8b7ae422493a43369f54a5efc020b993","trainable_pinn_ray_90dbbe89","","","unknown","FINISHED","489","0.09166601450254555","256","0.0027855893210782345","0.989795904139519","0.13505475697001615","489","0.09166601450254555","256","0.0027855893210782345","0.989795904139519","0.13505475697001615","0","50","1","18796","4316.386185884476","4316.386185884476","4316.386185884476","1763644436","0.008703045664599748","0.9653783082962036","0.010074785132563175","1","","0.032610357121015246","2.803469322256808","0.036519039829732265","trainable_pinn_ray_90dbbe89"
"2025-11-20 12:33:01","33.1min","e7334e74105e4e2193f88ca9dc6f85d0","trainable_pinn_ray_d7fa4f3d","","","unknown","FINISHED","315","0.08076030242048102","256","0.0054569091842259524","0.8818870021097224","0.19699967812734503","315","0.08076030242048102","256","0.0054569091842259524","0.8818870021097224","0.19699967812734503","0","50","1","30012","1955.5499229431152","1955.5499229431152","1955.5499229431152","1763640338","0.009313874731235431","0.6632329341739115","0.010711355264665502","1","","0.032598632135485854","2.117417854259612","0.036721978098706747","trainable_pinn_ray_d7fa4f3d"
"2025-11-20 12:00:40","6.7min","270c650edfca4b7c800275f19a85e597","trainable_pinn_ray_3fd35d89","","","unknown","FINISHED","60","0.07766209110877212","64","0.0017693999610689948","0.21716582853721603","0.49191695215227454","60","0.07766209110877212","64","0.0017693999610689948","0.21716582853721603","0.49191695215227454","0","50","1","38588","394.0477111339569","394.0477111339569","394.0477111339569","1763636834","0.011226276475748028","0.4133138383879806","0.00696161457271588","1","","0.0916885049552026","1.599109593403099","0.03741359704708323","trainable_pinn_ray_3fd35d89"
"2025-11-20 12:06:36","6.4min","7efdcbd655474ce2a5ca26b34ba1af76","trainable_pinn_ray_3c960aed","","","unknown","FINISHED","36","0.072820079278797","128","0.002882692710050154","0.9588878324179881","0.1776847444663091","36","0.072820079278797","128","0.002882692710050154","0.9588878324179881","0.1776847444663091","0","50","1","11504","377.4695107936859","377.4695107936859","377.4695107936859","1763637174","0.009123842794485767","0.9868371523389913","0.013694729936318565","1","","0.029423264917599754","2.611839919509393","0.04130404714650518","trainable_pinn_ray_3c960aed"
"2025-11-20 12:28:04","26.7min","130c17d6092e43a29ec6fb6db772d650","trainable_pinn_ray_c96cad95","","","unknown","FINISHED","384","0.07923524177188981","256","0.004850981024824069","0.8480715806958488","0.1964556290408075","384","0.07923524177188981","256","0.004850981024824069","0.8480715806958488","0.1964556290408075","0","50","1","20804","1566.0615861415863","1566.0615861415863","1566.0615861415863","1763639650","0.009347115582175027","0.5714887131344188","0.010239685038010581","1","","0.03959505326646956","1.9607109264269342","0.04151391193907244","trainable_pinn_ray_c96cad95"
"2025-11-20 11:59:04","6.8min","697f3fe11d0e491e91837e0f49bccc1a","trainable_pinn_ray_148dea89","","","unknown","FINISHED","281","0.06237655977408359","64","0.006075887747096628","0.4493855669851663","0.3723190075625709","281","0.06237655977408359","64","0.006075887747096628","0.4493855669851663","0.3723190075625709","0","50","1","19444","402.77325344085693","402.77325344085693","402.77325344085693","1763636747","0.013063804732842578","0.3827425103898","0.012576042046074314","1","","0.035818410409853146","1.477908522663611","0.04198810817496852","trainable_pinn_ray_148dea89"
"2025-11-20 11:49:01","10.0min","fd421ba6da9e4bf1bc3ed1ddf34e5bde","trainable_pinn_ray_ced00b05","","","unknown","FINISHED","95","0.06188352939373584","32","0.0006389996160197885","0.21622265153839626","0.2808322423276938","95","0.06188352939373584","32","0.0006389996160197885","0.21622265153839626","0.2808322423276938","0","50","1","8556","594.0790021419525","594.0790021419525","594.0790021419525","1763636336","0.009686997295780615","0.4917770763238271","0.008751986924596507","1","","0.06679071264018731","2.1500603975754995","0.04354813486230667","trainable_pinn_ray_ced00b05"
"2025-11-20 14:19:02","10.6min","8eae90e51e8a4297a453770e8029791d","trainable_pinn_ray_6e489ebc","","","unknown","FINISHED","469","0.06546395213308878","64","0.0020070677814801826","0.7600735209354936","0.23597979219478415","469","0.06546395213308878","64","0.0020070677814801826","0.7600735209354936","0.23597979219478415","0","50","1","43604","626.3282513618469","626.3282513618469","626.3282513618469","1763645369","0.007735912816956489","0.6711421143526983","0.012285882447178315","1","","0.032719737328970794","2.514439245809396","0.048869610076476805","trainable_pinn_ray_6e489ebc"
"2025-11-20 15:00:23","8.2min","991189e2a90a415fb5336d2ca849381b","trainable_pinn_ray_7a577d15","","","unknown","FINISHED","405","0.09592000024398753","128","0.006558698535304488","0.6743458068915331","0.3295181718626038","405","0.09592000024398753","128","0.006558698535304488","0.6743458068915331","0.3295181718626038","0","50","1","17236","484.3125510215759","484.3125510215759","484.3125510215759","1763647708","0.009768574593607525","0.6128403531180487","0.008423968953917725","1","","0.0648126066081605","1.771325354102022","0.049014451493806566","trainable_pinn_ray_7a577d15"
"2025-11-20 14:34:37","7.6min","e8ec8a5732d64765b8b1704fe1b9c385","trainable_pinn_ray_70cc5603","","","unknown","FINISHED","294","0.08641236128907728","128","0.001156946677068019","0.442180381563018","0.0813591857907707","294","0.08641236128907728","128","0.001156946677068019","0.442180381563018","0.0813591857907707","0","50","1","41424","452.01390647888184","452.01390647888184","452.01390647888184","1763646130","0.006753472616011748","0.6326308323879435","0.003732125975680773","1","","0.10528111624924308","2.2588881080707144","0.04921647701429492","trainable_pinn_ray_70cc5603"
"2025-11-20 14:26:21","7.0min","a2a3bde3b705441e8e8f47966abe742c","trainable_pinn_ray_1d692bdd","","","unknown","FINISHED","219","0.06614401934828461","32","0.001986941826976695","0.7555859509676154","0.11608452997782995","219","0.06614401934828461","32","0.001986941826976695","0.7555859509676154","0.11608452997782995","0","50","1","42484","415.20750880241394","415.20750880241394","415.20750880241394","1763645596","0.00783346767885366","0.5175500180384125","0.008269321785844637","1","","0.05455738518022799","1.95330670570434","0.050093774582547566","trainable_pinn_ray_1d692bdd"
"2025-11-20 12:35:37","38.0min","6bdae1b2db94418e9bffb2e864706c72","trainable_pinn_ray_2c10f714","","","unknown","FINISHED","506","0.08050853902730656","256","0.005402650044086516","0.8828993276427306","0.18455297340281304","506","0.08050853902730656","256","0.005402650044086516","0.8828993276427306","0.18455297340281304","0","50","1","35176","2245.83193564415","2245.83193564415","2245.83193564415","1763640784","0.00939675226920482","0.5547927217652099","0.01027789299254014","1","","0.05158431213744564","1.6927570104599","0.05158963236981374","trainable_pinn_ray_2c10f714"
"2025-11-20 14:27:32","6.8min","3226d2c132574d84bd95f52119b9e09f","trainable_pinn_ray_d2297cf2","","","unknown","FINISHED","230","0.06376750947140697","64","0.001724394367033777","0.5818799568739784","0.08389430978583634","230","0.06376750947140697","64","0.001724394367033777","0.5818799568739784","0.08389430978583634","0","50","1","22844","399.58418679237366","399.58418679237366","399.58418679237366","1763645652","0.0070771343131182775","0.472067812115255","0.005858794664681861","1","","0.10420289892540456","1.8499577205187994","0.06745530495861511","trainable_pinn_ray_d2297cf2"
"2025-11-20 12:06:14","6.5min","e0478c5f15574cafaf98de351d29d873","trainable_pinn_ray_a0c3a3ca","","","unknown","FINISHED","97","0.056224045332217344","128","0.0011477869842157617","0.16402205856391658","0.2678653300368134","97","0.056224045332217344","128","0.0011477869842157617","0.16402205856391658","0.2678653300368134","0","50","1","8012","383.72448325157166","383.72448325157166","383.72448325157166","1763637159","0.014535185105797618","0.4837776835518654","0.010627189323757634","1","","0.23328264719029196","1.805206444833739","0.06902245258387951","trainable_pinn_ray_a0c3a3ca"
"2025-11-20 11:51:06","9.4min","b49211b16dcc4b93b2995c10b21e5d66","trainable_pinn_ray_3d318ad6","","","unknown","FINISHED","176","0.009561319929051848","64","0.009435854388096632","0.40731340259505544","0.05626399977658464","176","0.009561319929051848","64","0.009435854388096632","0.40731340259505544","0.05626399977658464","0","50","1","29776","557.3995687961578","557.3995687961578","557.3995687961578","1763636424","0.015171482658596955","0.42866703919087995","0.021276237226721614","1","","0.012574233736863566","1.958011495792213","0.07407841339745998","trainable_pinn_ray_3d318ad6"
"2025-11-20 14:54:58","7.7min","22a3e9c9b20649ab9b644310e7e234b6","trainable_pinn_ray_9ad960ac","","","unknown","FINISHED","402","0.04677037038502686","128","0.00412772742135949","0.5410251569767764","0.3194647856403204","402","0.04677037038502686","128","0.00412772742135949","0.5410251569767764","0.3194647856403204","0","50","1","32012","454.9129571914673","454.9129571914673","454.9129571914673","1763647354","0.012869827261175772","0.3705799600692711","0.018930618617344987","1","","0.04455868405961894","1.6290993991090517","0.07671842294723616","trainable_pinn_ray_9ad960ac"
"2025-11-20 12:17:26","12.2min","e271bf3d50f74d7a899c3a99d49d8798","trainable_pinn_ray_578c6f4f","","","unknown","FINISHED","391","0.09830434069587989","256","0.0034649225859732995","0.8131356274081796","0.0745119234330531","391","0.09830434069587989","256","0.0034649225859732995","0.8131356274081796","0.0745119234330531","0","50","1","39616","718.4249777793884","718.4249777793884","718.4249777793884","1763638165","0.008061892611698972","0.9492954969406128","0.007127771166275547","1","","0.09933885920039892","2.4337333473417186","0.08224333738785379","trainable_pinn_ray_578c6f4f"
"2025-11-20 11:49:58","9.7min","4844ba1a8de44d3e840a9850b0f03a13","trainable_pinn_ray_e88afbce","","","unknown","FINISHED","180","0.0334477265764664","256","0.0023563694970498024","0.5441913209492","0.14313955785342827","180","0.0334477265764664","256","0.0023563694970498024","0.5441913209492","0.14313955785342827","0","50","1","33140","577.9793834686279","577.9793834686279","577.9793834686279","1763636376","0.009817527890243012","0.4876112706131405","0.018896111829037016","1","","0.06990915617733785","1.912946022724899","0.0912156377157364","trainable_pinn_ray_e88afbce"
"2025-11-20 12:00:23","6.6min","7e1e29492e954b588b66032df482289b","trainable_pinn_ray_b5f64b37","","","unknown","FINISHED","53","0.04239931239582673","32","0.0006851431727081527","0.1106700417696379","0.3175142607125597","53","0.04239931239582673","32","0.0006851431727081527","0.1106700417696379","0.3175142607125597","0","50","1","39172","390.04782032966614","390.04782032966614","390.04782032966614","1763636813","0.026102010604709087","0.4348910298612383","0.02018162122165615","1","","0.212766094101208","1.9090851701645755","0.0994592735488348","trainable_pinn_ray_b5f64b37"
"2025-11-20 12:29:33","30.6min","a8a79f098d9e4988bde960e23f4a6044","trainable_pinn_ray_8bc69d33","","","unknown","FINISHED","370","0.08179565037645264","256","0.00493482810537188","0.8491367247218327","0.19519997185608476","370","0.08179565037645264","256","0.00493482810537188","0.8491367247218327","0.19519997185608476","0","50","1","15064","1798.4176864624023","1798.4176864624023","1798.4176864624023","1763639972","0.009278558252962551","0.7936507554969402","0.010693662027555584","1","","0.10751552506909118","2.5636664347277596","0.10038811902607175","trainable_pinn_ray_8bc69d33"
"2025-11-20 14:53:11","7.8min","8ddc729bd54f48868d40a206494ec4ce","trainable_pinn_ray_60982a03","","","unknown","FINISHED","427","0.04828033117913978","128","0.006265345957122818","0.5145125612053889","0.3358192076250872","427","0.04828033117913978","128","0.006265345957122818","0.5145125612053889","0.3358192076250872","0","50","1","29884","460.2369523048401","460.2369523048401","460.2369523048401","1763647252","0.014272191876903026","0.3098070646476264","0.017110434490622897","1","","0.13930356822483236","1.174688983461699","0.10870757354448393","trainable_pinn_ray_60982a03"
"2025-11-20 12:31:02","33.6min","d3c8b84edd9a410eab27087994888142","trainable_pinn_ray_2bc79ac9","","","unknown","FINISHED","505","0.08208089012614343","256","0.005187120782350874","0.8897518315796498","0.1988816030655053","505","0.08208089012614343","256","0.005187120782350874","0.8897518315796498","0.1988816030655053","0","50","1","34812","1982.4340779781342","1982.4340779781342","1982.4340779781342","1763640245","0.010381435838085835","0.6697290578875879","0.011623488095673647","1","","0.11702968267519394","1.7506639428372341","0.11036588333714778","trainable_pinn_ray_2bc79ac9"
"2025-11-20 11:59:43","6.7min","b70f3f41474b42b4b1e3c8f301e19c5e","trainable_pinn_ray_a6717e96","","","unknown","FINISHED","146","0.0537693044742619","128","0.0005777335560002092","0.9872763045208113","0.4634070976114096","146","0.0537693044742619","128","0.0005777335560002092","0.9872763045208113","0.4634070976114096","0","50","1","31032","395.77350211143494","395.77350211143494","395.77350211143494","1763636779","0.006774309942630505","0.4681869262998754","0.022253077815879475","1","","0.05729541370138113","2.057709602526354","0.12497534512553299","trainable_pinn_ray_a6717e96"
"2025-11-20 14:33:43","7.6min","ad78153e0304444f86bf2ddb3fde0d09","trainable_pinn_ray_dc015782","","","unknown","FINISHED","265","0.0188940555132429","128","0.001553096406587356","0.48317244115529456","0.08047636410914646","265","0.0188940555132429","128","0.001553096406587356","0.48317244115529456","0.08047636410914646","0","50","1","44408","446.7151606082916","446.7151606082916","446.7151606082916","1763646070","0.00784121249435526","0.4661998759616505","0.018653724814831005","1","","0.1826652381706803","1.7170150226749672","0.14300688024170982","trainable_pinn_ray_dc015782"
"2025-11-20 14:17:28","11.2min","eb33f898dda340d9b33721bc3637a488","trainable_pinn_ray_e5c985ef","","","unknown","FINISHED","469","0.0646968437073917","64","0.002066703374232951","0.7635263240953092","0.23881680834851965","469","0.0646968437073917","64","0.002066703374232951","0.7635263240953092","0.23881680834851965","0","50","1","21532","668.3288660049438","668.3288660049438","668.3288660049438","1763645317","0.008373718768960297","0.5240433989751219","0.011649556484336805","1","","0.2095297586831178","1.9653543273378862","0.17969341517850296","trainable_pinn_ray_e5c985ef"
"2025-11-20 11:59:24","6.7min","ee39ea0e742d44a59001e8c7da024c8d","trainable_pinn_ray_afe9525e","","","unknown","FINISHED","200","0.04029056477848486","64","0.0007454089254462808","0.6431091279706728","0.3158618813133141","200","0.04029056477848486","64","0.0007454089254462808","0.6431091279706728","0.3158618813133141","0","50","1","37176","394.03790283203125","394.03790283203125","394.03790283203125","1763636758","0.006973235055126927","0.48681686141274194","0.02583771864272127","1","","0.1710727661030519","2.0022630471661045","0.1978433894288088","trainable_pinn_ray_afe9525e"
"2025-11-20 12:01:42","6.3min","53b8b62cd02e4e04b9c7fb93bab39317","trainable_pinn_ray_0ad155ab","","","unknown","FINISHED","122","0.006508944305656517","128","0.0008484621254111188","0.25233414948549326","0.11946180503143629","122","0.006508944305656517","128","0.0008484621254111188","0.25233414948549326","0.11946180503143629","0","50","1","15648","373.08617901802063","373.08617901802063","373.08617901802063","1763636876","0.011689496664988874","0.4710277296075917","0.04385334407590857","1","","0.16364353759668998","1.9872906206320617","0.21386763119438534","trainable_pinn_ray_0ad155ab"
"2025-11-20 12:00:03","6.6min","5acc82deb1df4f2b80a77ac2e840f0de","trainable_pinn_ray_4e66362e","","","unknown","FINISHED","40","0.005920345015002416","32","0.0008214009769618452","0.7445922166403334","0.14055052861212286","40","0.005920345015002416","32","0.0008214009769618452","0.7445922166403334","0.14055052861212286","0","50","1","37132","386.9039089679718","386.9039089679718","386.9039089679718","1763636790","0.008132617714617289","0.544050663408607","0.06326711640665025","1","","0.038360173687416434","2.030379088364692","0.24207460863553748","trainable_pinn_ray_4e66362e"
"2025-11-20 11:48:44","9.9min","bd220ff9b9a841d8bf0f34cc6226e4e9","trainable_pinn_ray_0e5eeeaa","","","unknown","FINISHED","196","0.028643453046585665","256","0.0013481473372886047","0.790816631477022","0.47447070926931784","196","0.028643453046585665","256","0.0013481473372886047","0.790816631477022","0.47447070926931784","0","50","1","1424","584.5645220279694","584.5645220279694","584.5645220279694","1763636308","0.008983888124313319","0.36075864696141446","0.04916575986026513","1","","0.17695169140740477","1.7101515210327567","0.3393243380190989","trainable_pinn_ray_0e5eeeaa"
"2025-11-20 12:00:58","7.8min","a24c3c531fff4f7aa67835f9331e897c","trainable_pinn_ray_6fc48a74","","","unknown","FINISHED","476","0.027990800993622347","256","0.00152877429670587","0.5294289729933439","0.4020553573383651","476","0.027990800993622347","256","0.00152877429670587","0.5294289729933439","0.4020553573383651","0","50","1","36220","463.42833828926086","463.42833828926086","463.42833828926086","1763636922","0.011134075018756016","0.35702934195899","0.04231415987391062","1","","0.3155299715763616","1.7227526679849763","0.34278338149785087","trainable_pinn_ray_6fc48a74"
"2025-11-20 11:48:52","9.9min","d63c2e46f9f94f978321dc67142ee986","trainable_pinn_ray_8155d86e","","","unknown","FINISHED","95","0.014677255865832673","32","0.004359112236583746","0.5034067170797112","0.43319337783562956","95","0.014677255865832673","32","0.004359112236583746","0.5034067170797112","0.43319337783562956","0","50","1","32740","587.1744167804718","587.1744167804718","587.1744167804718","1763636319","0.02106276476812182","0.2744688859190604","0.0685242135867928","1","","0.16766137950740834","1.2411701216306055","0.34632557305390427","trainable_pinn_ray_8155d86e"
